-- EmployeesQX - Sybase SAP ASE.sql
-- Use DBeaver or another Sybase/SAP ASE administrator. Run this script.
-- It should create an EmployeesQX database schema.

USE master
CREATE DATABASE EmployeesQX
USE EmployeesQX

CREATE TABLE [dept] (
   [DEPTNO] integer NOT NULL,
   [DNAME] varchar(20) NOT NULL,
   [LOC] varchar(20) NOT NULL,
   
   PRIMARY KEY ([DEPTNO])
)

INSERT INTO [dept] VALUES (10, 'ACCOUNTING', 'NEW YORK')
INSERT INTO [dept] VALUES (20, 'RESEARCH', 'DALLAS')
INSERT INTO [dept] VALUES (30, 'SALES', 'CHICAGO')
INSERT INTO [dept] VALUES (40, 'OPERATIONS', 'BOSTON')


CREATE TABLE [emp] (
   [EMPNO] integer NOT NULL,
   [ENAME] varchar(20) NOT NULL,
   [JOB] varchar(20) NOT NULL,
   [MGR] integer NULL,
   [HIREDATE] date NOT NULL,
   [SAL] integer NOT NULL,
   [COMM] integer NULL,
   [DEPTNO] integer NOT NULL,
   
   PRIMARY KEY ([EMPNO]),
   CONSTRAINT [fk_MGR] FOREIGN KEY ([MGR]) REFERENCES [emp] ([EMPNO]),
   CONSTRAINT [fk_DEPTNO] FOREIGN KEY ([DEPTNO]) REFERENCES [dept] ([DEPTNO])
)

INSERT INTO [emp] VALUES (7839, 'KING', 'PRESIDENT', NULL, '1981-11-17', 5000, NULL, 10)
INSERT INTO [emp] VALUES (7698, 'BLAKE', 'MANAGER', 7839, '1981-05-01', 2850, NULL, 30)
INSERT INTO [emp] VALUES (7654, 'MARTIN', 'SALESMAN', 7698, '1981-09-28', 1250, 1400, 30)
INSERT INTO [emp] VALUES (7499, 'ALLEN', 'SALESMAN', 7698, '1981-02-20', 1600, 300, 30)
INSERT INTO [emp] VALUES (7521, 'WARD', 'SALESMAN', 7698, '1981-02-22', 1250, 500, 30)
INSERT INTO [emp] VALUES (7900, 'JAMES', 'CLERK', 7698, '1981-12-03', 950, NULL, 30)
INSERT INTO [emp] VALUES (7844, 'TURNER', 'SALESMAN', 7698, '1981-09-08', 1500, 0, 30)
INSERT INTO [emp] VALUES (7782, 'CLARK', 'MANAGER', 7839, '1981-06-09', 2450, NULL, 10)
INSERT INTO [emp] VALUES (7934, 'MILLER', 'CLERK', 7782, '1982-01-23', 1300, NULL, 10)
INSERT INTO [emp] VALUES (7566, 'JONES', 'MANAGER', 7839, '1981-04-02', 2975, NULL, 20)
INSERT INTO [emp] VALUES (7788, 'SCOTT', 'ANALYST', 7566, '1982-12-09', 3000, NULL, 20)
INSERT INTO [emp] VALUES (7876, 'ADAMS', 'CLERK', 7788, '1983-01-12', 1100, NULL, 20)
INSERT INTO [emp] VALUES (7902, 'FORD', 'ANALYST', 7566, '1981-12-03', 3000, NULL, 20)
INSERT INTO [emp] VALUES (7369, 'SMITH', 'CLERK', 7902, '1980-12-17', 800, NULL, 20)


CREATE TABLE [proj] (
   [PROJID] integer NOT NULL,
   [EMPNO] integer NOT NULL,
   [STARTDATE] date NOT NULL,
   [ENDDATE] date NOT NULL,
   
   PRIMARY KEY ([PROJID]),
   CONSTRAINT [fk_PROJ] FOREIGN KEY ([EMPNO]) REFERENCES [emp] ([EMPNO])
)

INSERT INTO [proj] VALUES (1, 7782, '2005-06-16', '2005-06-18')
INSERT INTO [proj] VALUES (4, 7782, '2005-06-19', '2005-06-24')
INSERT INTO [proj] VALUES (7, 7782, '2005-06-22', '2005-06-25')
INSERT INTO [proj] VALUES (10, 7782, '2005-06-25', '2005-06-28')
INSERT INTO [proj] VALUES (13, 7782, '2005-06-28', '2005-07-02')
INSERT INTO [proj] VALUES (2, 7839, '2005-06-17', '2005-06-21')
INSERT INTO [proj] VALUES (8, 7839, '2005-06-23', '2005-06-25')
INSERT INTO [proj] VALUES (14, 7839, '2005-06-29', '2005-06-30')
INSERT INTO [proj] VALUES (11, 7839, '2005-06-26', '2005-06-27')
INSERT INTO [proj] VALUES (5, 7839, '2005-06-20', '2005-06-24')
INSERT INTO [proj] VALUES (3, 7934, '2005-06-18', '2005-06-22')
INSERT INTO [proj] VALUES (12, 7934, '2005-06-27', '2005-06-28')
INSERT INTO [proj] VALUES (15, 7934, '2005-06-30', '2005-07-03')
INSERT INTO [proj] VALUES (9, 7934, '2005-06-24', '2005-06-27')
INSERT INTO [proj] VALUES (6, 7934, '2005-06-21', '2005-06-23')


CREATE VIEW [Managers] AS 
SELECT m.[ENAME] AS [Manager], e.[ENAME] AS [Employee]
FROM [emp] AS e LEFT JOIN [emp] AS m ON e.[MGR] = m.[EMPNO]


CREATE TABLE [datatypes] (
   [INT_] int NOT NULL,
   [TINY_INT] tinyint NULL,
   [SMALL_INT] smallint DEFAULT 123 NULL,
   [BIG_INT] bigint DEFAULT 34234324 NULL,
   [UNSIGNED_INT] unsigned int NULL,
   [UNSIGNED_SMALLINT] unsigned smallint NULL,
   [UNSIGNED_BIGINT] unsigned bigint NULL,
   [BIT_] bit,
   [FLOAT_] float DEFAULT 11.23 NULL,
   [REAL_] real NULL,
   [DECIMAL_] decimal(12, 3) DEFAULT 22.334 NULL,
   [SMALL_MONEY] smallmoney NULL,
   [MONEY_] money NULL,
	
   [CHAR_] char(22) DEFAULT 'sdfsd' NULL,
   [NCHAR_] nchar(100) DEFAULT 'sdfsdf' NULL,
   [UNICHAR_] unichar(22) NULL,
   [VARCHAR_] varchar(100) DEFAULT 'sdsadasd' NULL,
   [N_VARCHAR] nvarchar(100) DEFAULT 'DFSD' NULL,
   [UNI_VARCHAR] univarchar(44) NULL,
   [TEXT_] text NULL,
   [UNITEXT_] unitext NULL,

   [DATE_] date NULL,
   [TIME_] time NULL,
   [DATETIME_] datetime NULL,
   [TIME_STAMP] timestamp NULL,
   [BIG_TIME] bigtime NULL,
   [SMALL_DATETIME] smalldatetime NULL,
   [BIG_DATTIME] bigdatetime NULL,
	
   [BINARY_] binary NULL,
   [VAR_BINARY] varbinary NULL,
   [IMAGE_] image NULL,
   [SYS_NAME] sysname(100) NULL,
   [LONG_SYS_NAME] longsysname NULL,

   PRIMARY KEY ([INT_])
)

INSERT INTO [datatypes] ([INT_], [TINY_INT], [SMALL_INT], [BIG_INT], [UNSIGNED_INT],
   [UNSIGNED_SMALLINT], [UNSIGNED_BIGINT], [BIT_], [FLOAT_], [REAL_], [DECIMAL_],
   [SMALL_MONEY], [MONEY_], [CHAR_], [NCHAR_], [VARCHAR_], [N_VARCHAR])
   VALUES (23, 12, -145, -2345, 3345, 2323, 232, 0, 33.44, 55.55, 123.45, 22.33, 44.55,
   'fff', 'dssfsf', 'dsdas', 'sadasd')

